Pin_dBm,Pout_dBm,G_vga_dB,G_lna_dB,CableLoss_dB,Freq_hz,ts
-55,-59.55236855142534,16,32,0.0,3500000000.0,1764535897.763897
-60,-64.17576410868045,16,32,0.0,3500000000.0,1764535897.8140664
-65,-65.59589102869877,16,32,0.0,3500000000.0,1764535897.8642685
-50,-53.847295671560296,16,32,0.0,3500000000.0,1764535897.9144228
